dataset,pdb_id,resolution,release_year,target,ligand_name
core,3ao4,1.95,2011,2.07,833
core,3gv9,1.80,2009,2.12,GV9
core,1uto,1.15,2004,2.27,PEA
core,1ps3,1.80,2003,2.28,KIF
core,4ddk,1.75,2013,2.29,0HN
core,4jsz,1.90,2013,2.3,FB2
core,3g2z,1.50,2009,2.36,GZ2
core,3dxg,1.39,2009,2.4,U5P
core,3l7b,2.00,2010,2.4,DKZ
core,3gr2,1.80,2009,2.52,GF4
core,3kgp,2.35,2009,2.57,4AZ
core,3fcq,1.75,2009,2.77,M3S
core,3lka,1.80,2010,2.82,M4S
core,3zt2,1.70,2012,2.84,ZT2
core,3udh,1.70,2012,2.85,091
core,3g31,1.70,2009,2.89,GF1
core,4llx,1.75,2014,2.89,5ZE
core,4u4s,1.90,2014,2.92,3C1
core,4owm,1.99,2014,2.96,3F0
core,5aba,1.62,2015,2.98,UL7
core,2xdl,1.98,2010,3.1,2DL
core,4kz6,1.68,2014,3.1,ZB6
core,2ymd,1.96,2012,3.16,SRO
core,3aru,1.90,2011,3.22,PNX
core,1bcu,2.00,1998,3.28,PRL
core,3zsx,1.95,2012,3.28,N44
core,4ddh,2.07,2013,3.3,MS0
core,4eky,2.45,2012,3.52,D1J
core,4abg,1.52,2012,3.57,91B
core,5a7b,1.40,2015,3.57,KMN
core,3dx1,1.21,2009,3.58,YHO
core,4bkt,2.35,2013,3.62,QD0
core,2v00,1.55,2007,3.66,V15
core,4cig,1.70,2014,3.67,X0P
core,3n7a,2.00,2011,3.7,FA1
core,3d6q,1.60,2009,3.76,U3S
core,2hb1,2.00,2006,3.8,512
core,3twp,1.83,2012,3.92,SAL
core,4agn,1.60,2012,3.97,NXG
core,1c5z,1.85,2000,4.01,BAM
core,3nq9,1.90,2010,4.03,OCA
core,2w66,2.27,2009,4.05,HQ6
core,3kwa,2.00,2010,4.08,SPM
core,3g2n,2.10,2010,4.09,OAK
core,4cr9,1.70,2015,4.1,OTW
core,4ih5,1.90,2013,4.11,12R
core,4de2,1.40,2012,4.12,DN3
core,3ozt,1.48,2011,4.13,OZZ
core,3f3a,2.00,2008,4.19,TRP
core,1a30,2.00,1998,4.3,3-mer
core,3ivg,1.95,2009,4.3,FG5
core,3u9q,1.52,2011,4.38,DKA
core,3rsx,2.48,2011,4.41,RSV
core,3pxf,1.80,2011,4.43,2AN
core,2wbg,1.85,2009,4.45,LGS
core,3rr4,1.68,2012,4.55,HRD
core,4w9c,2.20,2014,4.65,3JG
core,3mss,1.95,2010,4.66,MS7
core,4agp,1.50,2012,4.69,P51
core,4mgd,1.90,2014,4.69,27N
core,1vso,1.85,2007,4.72,AT1
core,4jxs,1.90,2014,4.74,18U
core,1q8t,2.00,2003,4.76,Y27
core,3acw,1.63,2010,4.76,651
core,4lzs,2.20,2014,4.8,L46
core,3r88,1.73,2012,4.82,14F
core,4ciw,2.20,2014,4.82,XH2
core,2w4x,2.42,2009,4.85,STZ
core,2brb,2.10,2005,4.86,PFQ
core,1p1q,2.00,2003,4.89,AMQ
core,3d4z,1.39,2008,4.89,GIM
core,1bzc,2.35,1999,4.92,TPI
core,1nc3,2.20,2003,5.0,FMC
core,4agq,1.42,2012,5.01,P96
core,4w9l,2.20,2014,5.02,3JJ
core,2yge,1.96,2011,5.06,GDM
core,2r9w,1.80,2008,5.1,23C
core,3gy4,1.55,2010,5.1,PBZ
core,3syr,2.40,2012,5.1,GPK
core,3zso,1.75,2012,5.12,O2N
core,2br1,2.00,2005,5.14,PFP
core,1s38,1.81,2004,5.15,MAQ
core,3b27,1.50,2011,5.16,B2T
core,4gkm,1.67,2013,5.17,683
core,4m0z,2.00,2014,5.19,M0Z
core,1w4o,1.60,2005,5.22,UA3
core,3ueu,2.10,2011,5.24,DAO
core,4ih7,2.30,2013,5.24,1ER
core,4jfs,2.00,2013,5.27,16Z
core,3ozs,1.44,2011,5.33,OZS
core,3bv9,1.80,2008,5.36,6-mer
core,1gpk,2.10,2002,5.37,HUP
core,1syi,2.10,2005,5.44,CPW
core,2cbv,1.95,2006,5.48,CGB
core,1ydr,2.20,1997,5.52,IQP
core,4de3,1.44,2012,5.52,DN8
core,3coz,2.00,2008,5.57,54H
core,2wca,2.30,2009,5.6,NP6
core,3u5j,1.60,2011,5.61,08H
core,4dli,1.91,2013,5.62,IRG
core,1z9g,1.70,2005,5.64,RRT
core,3arv,1.50,2011,5.64,SAU
core,3n86,1.90,2011,5.64,RJP
core,5c28,1.56,2015,5.66,4XV
core,4j28,1.73,2013,5.7,EAT
core,3jvr,1.76,2009,5.72,AGX
core,1o5b,1.85,2004,5.77,ESI
core,2y5h,1.33,2011,5.79,Y5H
core,3qqs,1.97,2012,5.82,17C
core,3wz8,1.45,2015,5.82,IXV
core,4dld,2.00,2012,5.82,TZG
core,3ehy,1.90,2009,5.85,TBL
core,3uev,1.90,2011,5.89,MYR
core,3ebp,2.00,2009,5.91,CPB
core,1o0h,1.20,2003,5.92,ADP
core,1q8u,1.90,2003,5.96,H52
core,4de1,1.26,2012,5.96,0J6
core,4w9i,2.40,2014,5.96,3JS
core,3ary,1.35,2011,6.0,I5I
core,3coy,2.03,2008,6.02,53H
core,3f3c,2.10,2008,6.02,PFF
core,2fxs,2.00,2007,6.06,RDA
core,4kzq,2.25,2013,6.1,DFL
core,2qnq,2.30,2008,6.11,QN3
core,1nc1,2.00,2003,6.12,MTH
core,2wvt,1.80,2010,6.12,FHN
core,1yc1,1.70,2005,6.17,4BC
core,3bgz,2.40,2007,6.26,VX3
core,4wiv,1.56,2014,6.26,3P2
core,3k5v,1.74,2010,6.3,STJ
core,4eor,2.20,2013,6.3,4SP
core,3uew,2.00,2011,6.31,PLM
core,2wnc,2.20,2009,6.32,TKT
core,2zb1,2.50,2008,6.32,GK4
core,2qbr,2.30,2008,6.33,910
core,3arq,1.50,2011,6.4,DM5
core,2j78,1.65,2006,6.42,GOX
core,4ea2,2.05,2012,6.44,RWZ
core,1r5y,1.20,2004,6.46,DQU
core,4m0y,1.70,2014,6.46,M0Y
core,1gpn,2.35,2002,6.48,HUB
core,2weg,1.10,2009,6.5,FBV
core,4kzu,2.10,2013,6.5,A73
core,4mme,2.50,2013,6.5,29Q
core,3cj4,2.07,2008,6.51,SX5
core,3uo4,2.45,2012,6.52,0C0
core,3wtj,2.24,2015,6.53,TH4
core,3jvs,1.90,2009,6.54,AGY
core,1k1i,2.20,2001,6.58,FD1
core,2yfe,2.00,2012,6.63,YFE
core,4k77,2.40,2013,6.63,1Q4
core,2xj7,2.00,2010,6.66,GC2
core,2iwx,1.50,2006,6.68,M1S
core,4f09,2.40,2012,6.7,JAK
core,4djv,1.73,2012,6.72,0KM
core,4w9h,2.10,2014,6.73,3JF
core,4ogj,1.65,2014,6.79,2TA
core,1p1n,1.60,2003,6.8,KAI
core,3dx2,1.40,2009,6.82,MZB
core,2xnb,1.85,2010,6.83,Y8L
core,3n76,1.90,2011,6.85,CA2
core,3pyy,1.85,2011,6.86,3YY
core,2zcr,1.92,2008,6.87,B69
core,3oe5,1.52,2011,6.88,611
core,3jya,2.10,2009,6.89,LWG
core,3gbb,2.10,2009,6.9,MS8
core,3uex,2.10,2011,6.92,STE
core,4f9w,2.00,2013,6.94,LM4
core,2wer,1.60,2009,7.05,RDC
core,1lpg,2.00,2003,7.09,IMA
core,3zdg,2.48,2013,7.1,XRX
core,1z95,1.80,2005,7.12,198
core,1pxn,2.50,2004,7.15,CK6
core,3arp,1.55,2011,7.15,DEQ
core,3f3d,2.30,2008,7.16,MET
core,3tsk,2.00,2012,7.17,QEG
core,2j7h,1.95,2006,7.19,AZF
core,2xii,1.80,2010,7.2,TA9
core,4cra,1.80,2015,7.22,XJ8
core,4gfm,2.30,2013,7.22,0X2
core,1oyt,1.67,2003,7.24,FSN
core,3gc5,1.40,2009,7.26,2MQ
core,3p5o,1.60,2010,7.26,EAM
core,2vvn,1.85,2008,7.3,NHT
core,1qf1,2.00,1999,7.32,TI1
core,1ydt,2.30,1997,7.32,IQB
core,3pww,1.22,2011,7.32,ROC
core,1owh,1.61,2003,7.4,239
core,2zy1,1.78,2009,7.4,830
core,3up2,2.30,2012,7.4,0C8
core,4j21,1.93,2013,7.41,AJ6
core,2xys,1.91,2011,7.42,SY9
core,2qbq,2.10,2008,7.44,4B3
core,3oe4,1.49,2011,7.47,610
core,3rlr,1.70,2011,7.52,3RR
core,2xb8,2.40,2010,7.59,XNW
core,2c3i,1.90,2005,7.6,IYZ
core,4e5w,1.86,2012,7.66,0NT
core,3f3e,1.80,2008,7.7,LEU
core,1u1b,2.00,2005,7.8,PAX
core,3qgy,2.10,2011,7.8,L7O
core,3ryj,1.39,2011,7.8,RYJ
core,4j3l,2.09,2013,7.8,AJ5
core,3prs,1.38,2011,7.82,RIT
core,4pcs,1.77,2014,7.85,2M7
core,4hge,2.30,2012,7.92,15V
core,1g2k,1.95,2001,7.96,NM1
core,1o3f,1.55,2003,7.96,696
core,2qe4,2.40,2007,7.96,JJ3
core,3uuo,2.11,2012,7.96,0CV
core,3e92,2.00,2008,8.0,G6A
core,3fur,2.30,2009,8.0,Z12
core,2cet,1.97,2006,8.02,PGI
core,5tmn,1.60,1989,8.04,0PJ
core,3ag9,2.00,2010,8.05,A02
core,3kr8,2.10,2009,8.1,XAV
core,3nx7,1.80,2010,8.1,NHK
core,3fv2,1.50,2010,8.11,NDZ
core,4eo8,1.80,2012,8.15,0S3
core,3e5a,2.30,2008,8.23,VX6
core,1nvq,2.00,2003,8.25,UCN
core,2v7a,2.50,2007,8.3,627
core,4x6p,1.93,2015,8.3,3YU
core,1h23,2.15,2002,8.35,E12
core,4e6q,1.95,2012,8.36,0NV
core,2al5,1.65,2005,8.4,FWD
core,2qbp,2.50,2008,8.4,527
core,2zda,1.73,2008,8.4,32U
core,3b68,1.90,2008,8.4,B68
core,2xbv,1.66,2010,8.43,XBV
core,3b1m,1.60,2011,8.48,KRC
core,2fvd,1.85,2006,8.52,LIA
core,2vw5,1.90,2008,8.52,BC6
core,2wn9,1.75,2009,8.52,ZY5
core,3ejr,1.27,2009,8.57,HN4
core,4qd6,2.45,2015,8.64,30T
core,3u8k,2.47,2011,8.66,09P
core,3ge7,1.50,2009,8.7,AFQ
core,4crc,1.60,2015,8.72,OTM
core,4ivb,1.90,2013,8.72,1J5
core,2vkm,2.05,2008,8.74,BSD
core,2wtv,2.40,2010,8.74,ZZL
core,3b5r,1.80,2008,8.77,B5R
core,2zcq,2.38,2008,8.82,B65
core,3e93,2.00,2008,8.85,19B
core,4k18,2.05,2013,8.96,1OB
core,2p4y,2.25,2008,9.0,C03
core,3dd0,1.48,2009,9.0,EZL
core,3nw9,1.65,2011,9.0,637
core,3ui7,2.28,2011,9.0,C1L
core,3uri,2.10,2012,9.0,8-mer
core,1qkt,2.20,2000,9.04,EST
core,1h22,2.15,2002,9.1,E10
core,3gnw,2.39,2009,9.1,XNC
core,1sqa,2.00,2004,9.21,UI1
core,4jia,1.85,2013,9.22,1K3
core,3b65,1.80,2008,9.27,3B6
core,3fv1,1.50,2010,9.3,DYH
core,4qac,2.10,2014,9.4,KK3
core,2yki,1.67,2011,9.46,YKI
core,3g0w,1.95,2009,9.52,LGB
core,4ivd,1.93,2013,9.52,15T
core,4ty7,2.09,2014,9.52,39F
core,2pog,1.84,2007,9.54,WST
core,4gr0,1.50,2013,9.55,R4B
core,1eby,2.29,2002,9.7,BEB
core,1z6e,1.80,2006,9.72,IK8
core,1e66,2.10,2001,9.89,HUX
core,4ivc,2.35,2013,10.0,1J6
core,4twp,2.40,2015,10.0,AXI
core,4rfm,2.10,2015,10.05,3P6
core,1y6r,2.20,2005,10.11,MTM
core,3u8n,2.35,2011,10.17,09S
core,4tmn,1.70,1989,10.17,0PK
core,2p15,1.94,2007,10.3,EZT
core,3myg,2.40,2010,10.7,EML
core,4gid,2.00,2012,10.77,0GH
core,3utu,1.55,2012,10.92,1TS
core,5c2h,2.09,2015,11.09,4XU
core,1mq6,2.10,2003,11.15,XLD
core,5dwr,2.00,2015,11.22,5H7
core,4f2w,2.00,2013,11.3,TDI
core,2x00,2.40,2010,11.33,GYN
core,3o9i,1.45,2011,11.82,A61
core,4f3c,1.93,2013,11.82,BIG
